id_utilisateur,ressource,niveau,date_attribution
U1000,Compta-Validation,Écriture,2025-10-21
U1000,ERP-Finance,Lecture,2025-06-17
U1001,ERP-Finance,Écriture,2024-11-18
U1001,Messagerie,Écriture,2024-07-05
U1001,CRM,Écriture,2025-10-23
U1001,VPN,Lecture,2024-08-30
U1002,Sauvegarde,Lecture,2023-11-11
U1002,Compta-Validation,Lecture,2024-07-18
U1002,ERP-Finance,Lecture,2023-12-19
U1002,VPN,Lecture,2024-06-05
U1002,CRM,Écriture,2024-07-07
U1003,Compta-Paiement,Lecture,2025-06-29
U1003,VPN,Écriture,2024-01-30
U1003,Compta-Validation,Écriture,2025-07-25
U1004,CRM,Lecture,2023-10-02
U1004,Messagerie,Écriture,2024-04-07
U1004,VPN,Admin,2024-04-17
U1004,Sauvegarde,Écriture,2025-04-06
U1005,CRM,Lecture,2024-06-11
U1005,Compta-Paiement,Écriture,2024-02-16
U1005,Sauvegarde,Lecture,2024-07-10
U1006,VPN,Admin,2023-11-30
U1006,ERP-Finance,Lecture,2025-10-13
U1006,Paie-RH,Écriture,2025-09-11
U1006,Compta-Paiement,Lecture,2025-10-18
U1006,AD-Admin,Admin,2025-09-22
U1007,Messagerie,Écriture,2025-02-01
U1007,Sauvegarde,Lecture,2024-04-04
U1008,Paie-RH,Écriture,2024-03-01
U1008,Sauvegarde,Écriture,2023-09-26
U1008,Messagerie,Lecture,2024-02-21
U1008,CRM,Lecture,2025-04-21
U1009,VPN,Admin,2024-10-22
U1009,Paie-RH,Lecture,2023-10-22
U1009,Sauvegarde,Écriture,2024-05-01
U1009,ERP-Finance,Écriture,2024-11-09
U1010,Compta-Validation,Lecture,2024-12-31
U1010,Sauvegarde,Lecture,2025-04-21
U1011,Sauvegarde,Lecture,2024-06-07
U1011,Compta-Validation,Écriture,2024-06-04
U1011,Messagerie,Lecture,2023-08-24
U1011,ERP-Finance,Lecture,2024-09-12
U1012,ERP-Finance,Écriture,2024-01-04
U1013,CRM,Écriture,2025-04-27
U1013,Paie-RH,Lecture,2025-04-12
U1013,VPN,Admin,2024-07-03
U1013,Messagerie,Écriture,2024-08-03
U1013,Compta-Validation,Lecture,2023-08-18
U1014,CRM,Écriture,2024-03-24
U1015,Messagerie,Lecture,2023-10-31
U1015,ERP-Finance,Admin,2025-03-19
U1015,AD-Admin,Admin,2024-07-28
U1016,Sauvegarde,Lecture,2025-04-11
U1017,ERP-Finance,Lecture,2025-05-31
U1017,Sauvegarde,Lecture,2025-07-02
U1018,VPN,Écriture,2024-08-21
U1018,Paie-RH,Lecture,2023-08-18
U1018,AD-Admin,Admin,2023-08-30
U1019,Paie-RH,Écriture,2023-08-18
U1019,VPN,Lecture,2025-02-01
U1019,Compta-Validation,Écriture,2023-10-04
U1020,CRM,Écriture,2023-12-28
U1020,Messagerie,Écriture,2025-07-12
U1021,Compta-Validation,Écriture,2024-06-14
U1022,ERP-Finance,Lecture,2023-09-30
U1023,Compta-Validation,Lecture,2025-03-05
U1023,Compta-Paiement,Lecture,2025-10-31
U1023,Messagerie,Lecture,2024-01-08
U1024,Compta-Validation,Écriture,2023-09-20
U1025,Compta-Validation,Écriture,2024-04-11
U1026,Compta-Paiement,Lecture,2025-07-03
U1026,VPN,Lecture,2025-06-07
U1026,ERP-Finance,Écriture,2024-01-03
U1027,VPN,Écriture,2024-12-29
U1027,Paie-RH,Lecture,2024-02-17
U1027,Compta-Paiement,Écriture,2023-11-27
U1027,ERP-Finance,Écriture,2025-09-15
U1027,Sauvegarde,Écriture,2023-11-24
U1028,Sauvegarde,Écriture,2025-11-22
U1028,AD-Admin,Admin,2024-05-08
U1029,CRM,Admin,2023-10-28
U1029,Compta-Validation,Écriture,2024-02-17
U1029,Paie-RH,Lecture,2023-10-09
U1029,ERP-Finance,Écriture,2025-10-15
U1029,Sauvegarde,Lecture,2024-05-03
U1030,Sauvegarde,Écriture,2025-08-12
U1030,ERP-Finance,Écriture,2024-07-28
U1030,Compta-Validation,Lecture,2024-02-04
U1030,Messagerie,Lecture,2024-10-14
U1030,Paie-RH,Lecture,2025-10-07
U1031,Paie-RH,Écriture,2024-10-30
U1031,Sauvegarde,Admin,2024-12-05
U1031,AD-Admin,Admin,2024-08-09
U1032,Paie-RH,Lecture,2023-10-03
U1032,VPN,Lecture,2024-12-20
U1032,Compta-Paiement,Lecture,2024-08-13
U1033,ERP-Finance,Lecture,2023-10-02
U1033,VPN,Écriture,2023-11-27
U1034,Compta-Paiement,Lecture,2024-03-31
U1034,VPN,Lecture,2025-06-19
U1034,CRM,Lecture,2024-12-17
U1035,ERP-Finance,Lecture,2024-01-12
U1035,VPN,Lecture,2023-08-30
U1035,Sauvegarde,Lecture,2025-05-08
U1036,Paie-RH,Lecture,2024-12-24
U1036,Compta-Paiement,Lecture,2023-09-16
U1036,Compta-Validation,Lecture,2025-05-18
U1036,Messagerie,Lecture,2024-01-02
U1036,CRM,Écriture,2024-07-27
U1037,VPN,Écriture,2025-07-20
U1037,Messagerie,Lecture,2024-05-04
U1037,Sauvegarde,Admin,2025-06-09
U1037,CRM,Lecture,2024-07-11
U1037,Compta-Paiement,Écriture,2023-10-22
U1038,ERP-Finance,Admin,2024-04-15
U1038,Compta-Paiement,Écriture,2024-11-04
U1038,VPN,Lecture,2025-11-18
U1038,CRM,Lecture,2024-03-27
U1039,VPN,Lecture,2023-07-23
U1039,Compta-Paiement,Admin,2025-08-13
U1039,Paie-RH,Écriture,2025-04-29
U1039,Compta-Validation,Écriture,2023-12-21
U1040,ERP-Finance,Écriture,2025-07-11
U1040,CRM,Écriture,2023-08-01
U1040,VPN,Lecture,2025-02-14
U1040,Messagerie,Lecture,2025-01-21
U1040,Compta-Validation,Lecture,2025-07-20
U1041,CRM,Lecture,2024-04-10
U1042,Messagerie,Lecture,2024-08-28
U1043,Paie-RH,Lecture,2023-09-04
U1043,Compta-Paiement,Lecture,2024-01-14
U1043,CRM,Lecture,2023-10-13
U1043,Messagerie,Lecture,2024-10-28
U1044,Compta-Validation,Écriture,2023-08-22
U1044,Paie-RH,Lecture,2023-11-14
U1044,Messagerie,Lecture,2024-07-31
U1045,ERP-Finance,Lecture,2023-12-04
U1045,AD-Admin,Admin,2024-02-18
U1046,Sauvegarde,Écriture,2024-01-09
U1046,VPN,Admin,2024-03-02
U1046,Compta-Paiement,Lecture,2024-07-19
U1047,Sauvegarde,Lecture,2025-02-14
U1048,Compta-Paiement,Écriture,2024-03-23
U1049,CRM,Écriture,2024-12-15
U1049,Compta-Validation,Lecture,2024-01-26
U1049,Compta-Paiement,Écriture,2024-05-07
U1050,Compta-Validation,Lecture,2024-08-03
U1050,Messagerie,Lecture,2025-07-10
U1050,Compta-Paiement,Lecture,2024-06-09
U1051,Paie-RH,Lecture,2025-07-11
U1052,CRM,Écriture,2023-11-10
U1052,Compta-Validation,Lecture,2023-11-09
U1052,Messagerie,Lecture,2024-10-20
U1052,Compta-Paiement,Lecture,2024-09-07
U1052,Paie-RH,Lecture,2025-02-07
U1053,Compta-Paiement,Lecture,2023-08-03
U1053,ERP-Finance,Lecture,2025-03-09
U1053,CRM,Écriture,2024-06-12
U1053,Paie-RH,Lecture,2024-10-27
U1053,Messagerie,Lecture,2024-01-10
U1054,Compta-Validation,Lecture,2023-09-24
U1054,VPN,Écriture,2025-07-22
U1054,Paie-RH,Écriture,2025-03-09
U1054,CRM,Écriture,2025-09-27
U1055,Compta-Validation,Lecture,2023-07-24
U1055,ERP-Finance,Lecture,2023-08-03
U1056,Sauvegarde,Écriture,2024-12-03
U1057,CRM,Lecture,2023-08-10
U1058,VPN,Écriture,2025-11-24
U1058,ERP-Finance,Écriture,2024-06-28
U1058,Messagerie,Lecture,2025-08-27
U1059,Messagerie,Lecture,2024-08-29
U1059,Compta-Paiement,Lecture,2025-07-22
U1059,CRM,Lecture,2025-11-07
U1060,Compta-Paiement,Écriture,2023-10-26
U1061,Sauvegarde,Lecture,2025-03-16
U1061,Compta-Validation,Lecture,2025-05-28
U1061,AD-Admin,Admin,2025-10-29
U1062,ERP-Finance,Écriture,2025-08-04
U1062,Compta-Paiement,Admin,2024-01-16
U1063,Compta-Validation,Écriture,2025-04-19
U1064,Messagerie,Écriture,2023-10-27
U1064,ERP-Finance,Lecture,2025-05-27
U1064,VPN,Écriture,2023-12-23
U1064,Compta-Validation,Lecture,2024-03-16
U1064,Compta-Paiement,Lecture,2024-06-23
U1065,Sauvegarde,Lecture,2023-09-26
U1065,Compta-Validation,Lecture,2025-08-05
U1065,Messagerie,Lecture,2023-10-30
U1065,VPN,Lecture,2024-04-24
U1065,CRM,Écriture,2025-04-02
U1066,Sauvegarde,Lecture,2024-10-06
U1066,Compta-Validation,Lecture,2023-07-28
U1067,Compta-Paiement,Lecture,2024-06-07
U1067,CRM,Lecture,2025-01-08
U1067,Paie-RH,Écriture,2025-03-05
U1068,Messagerie,Écriture,2024-05-14
U1068,Compta-Paiement,Lecture,2025-09-18
U1068,VPN,Lecture,2025-02-11
U1068,Paie-RH,Lecture,2025-05-11
U1068,ERP-Finance,Lecture,2024-07-28
U1069,Compta-Paiement,Lecture,2024-06-12
U1069,ERP-Finance,Écriture,2024-04-02
U1069,Sauvegarde,Admin,2023-07-31
U1069,CRM,Lecture,2023-11-07
U1070,CRM,Lecture,2025-01-19
U1070,Compta-Validation,Lecture,2024-07-26
U1070,Compta-Paiement,Lecture,2025-11-03
U1070,Paie-RH,Écriture,2024-04-29
U1070,Sauvegarde,Écriture,2024-11-14
U1071,Messagerie,Lecture,2024-03-05
U1071,Sauvegarde,Écriture,2025-01-10
U1071,CRM,Lecture,2023-12-11
U1071,Compta-Validation,Lecture,2025-07-16
U1071,AD-Admin,Admin,2024-01-28
U1072,Compta-Paiement,Lecture,2024-08-26
U1072,ERP-Finance,Lecture,2024-06-26
U1073,VPN,Écriture,2024-02-28
U1073,Messagerie,Lecture,2024-09-28
U1073,ERP-Finance,Lecture,2024-12-22
U1073,Sauvegarde,Écriture,2023-08-10
U1074,CRM,Écriture,2025-02-24
U1074,Compta-Paiement,Lecture,2025-10-09
U1074,Compta-Validation,Lecture,2024-11-18
U1075,Messagerie,Écriture,2025-09-28
U1076,Messagerie,Lecture,2025-07-01
U1076,Paie-RH,Lecture,2024-08-17
U1076,VPN,Lecture,2024-01-19
U1076,CRM,Lecture,2024-02-12
U1077,CRM,Lecture,2024-01-31
U1077,Sauvegarde,Écriture,2025-07-08
U1077,VPN,Lecture,2025-02-15
U1077,Compta-Paiement,Écriture,2025-06-30
U1078,Compta-Validation,Lecture,2025-09-25
U1078,Compta-Paiement,Lecture,2023-08-19
U1078,ERP-Finance,Lecture,2025-07-28
U1078,CRM,Lecture,2024-03-26
U1078,Sauvegarde,Écriture,2024-05-05
U1079,Compta-Validation,Écriture,2024-01-19
U1080,ERP-Finance,Écriture,2024-03-24
U1080,Paie-RH,Lecture,2023-08-20
U1080,Messagerie,Écriture,2025-08-15
U1080,Compta-Validation,Lecture,2024-05-20
U1080,VPN,Écriture,2024-01-29
U1081,Messagerie,Lecture,2024-09-30
U1081,ERP-Finance,Lecture,2024-12-07
U1081,VPN,Lecture,2023-09-15
U1081,Compta-Validation,Écriture,2025-05-30
U1081,Paie-RH,Écriture,2024-12-19
U1082,Paie-RH,Écriture,2024-08-09
U1082,VPN,Lecture,2023-08-04
U1082,ERP-Finance,Lecture,2024-11-12
U1083,Compta-Validation,Écriture,2025-03-06
U1083,ERP-Finance,Lecture,2024-02-26
U1083,CRM,Écriture,2024-10-20
U1084,CRM,Lecture,2024-06-27
U1084,Compta-Paiement,Lecture,2024-04-29
U1084,Sauvegarde,Lecture,2025-04-28
U1084,Paie-RH,Écriture,2023-08-21
U1084,Compta-Validation,Lecture,2024-01-13
U1085,ERP-Finance,Lecture,2023-11-23
U1086,VPN,Lecture,2023-10-25
U1086,Messagerie,Lecture,2025-06-28
U1087,Compta-Validation,Écriture,2023-10-20
U1087,ERP-Finance,Lecture,2024-08-28
U1087,Sauvegarde,Lecture,2024-01-15
U1087,CRM,Écriture,2023-10-26
U1087,Paie-RH,Lecture,2025-10-26
U1088,VPN,Lecture,2023-09-16
U1088,Compta-Validation,Écriture,2025-02-12
U1088,Paie-RH,Lecture,2024-02-04
U1088,Messagerie,Lecture,2024-11-16
U1088,CRM,Lecture,2024-11-16
U1089,ERP-Finance,Écriture,2024-09-01
U1089,AD-Admin,Admin,2025-03-25
U1090,Compta-Validation,Écriture,2024-04-28
U1091,Compta-Validation,Écriture,2024-03-12
U1091,Paie-RH,Écriture,2025-03-12
U1091,ERP-Finance,Lecture,2025-07-23
U1091,VPN,Écriture,2025-11-27
U1092,CRM,Écriture,2025-05-22
U1093,ERP-Finance,Écriture,2024-02-24
U1093,CRM,Écriture,2025-03-02
U1093,Compta-Paiement,Lecture,2023-09-20
U1094,VPN,Lecture,2023-08-02
U1094,Paie-RH,Lecture,2025-02-07
U1094,Compta-Validation,Lecture,2025-09-20
U1094,ERP-Finance,Lecture,2023-08-28
U1095,CRM,Lecture,2025-02-05
U1095,Messagerie,Écriture,2025-11-15
U1095,Paie-RH,Lecture,2024-09-01
U1096,Sauvegarde,Écriture,2025-07-31
U1096,VPN,Lecture,2024-02-03
U1097,CRM,Lecture,2024-10-13
U1097,VPN,Lecture,2025-04-05
U1097,Compta-Paiement,Lecture,2024-06-04
U1098,Paie-RH,Admin,2024-12-27
U1098,CRM,Lecture,2025-04-02
U1098,VPN,Écriture,2025-01-31
U1098,Compta-Paiement,Lecture,2025-04-16
U1099,VPN,Écriture,2023-08-05
U1100,VPN,Lecture,2025-07-30
U1100,Sauvegarde,Écriture,2024-12-06
U1100,Compta-Validation,Lecture,2024-07-19
U1100,ERP-Finance,Lecture,2025-04-30
U1101,Sauvegarde,Lecture,2023-12-21
U1101,ERP-Finance,Admin,2024-06-02
U1101,Messagerie,Écriture,2023-12-29
U1101,Compta-Validation,Lecture,2024-02-03
U1101,Compta-Paiement,Écriture,2025-11-23
U1102,Compta-Paiement,Lecture,2023-07-18
U1102,CRM,Lecture,2024-09-23
U1102,Sauvegarde,Lecture,2024-03-03
U1102,Compta-Validation,Lecture,2025-04-01
U1102,Messagerie,Lecture,2023-07-20
U1103,Messagerie,Lecture,2024-01-04
U1103,Compta-Paiement,Lecture,2025-08-14
U1103,Sauvegarde,Lecture,2023-10-05
U1103,AD-Admin,Admin,2025-08-17
U1104,Messagerie,Lecture,2023-08-27
U1104,ERP-Finance,Lecture,2025-08-20
U1104,Compta-Paiement,Lecture,2023-11-20
U1104,VPN,Lecture,2023-12-30
U1105,Sauvegarde,Écriture,2024-01-23
U1105,ERP-Finance,Lecture,2023-10-21
U1106,Paie-RH,Lecture,2024-07-25
U1106,CRM,Lecture,2025-08-19
U1106,VPN,Écriture,2025-07-12
U1106,Sauvegarde,Écriture,2025-04-26
U1107,Sauvegarde,Lecture,2025-05-11
U1107,Messagerie,Écriture,2024-04-24
U1107,ERP-Finance,Lecture,2025-10-24
U1107,VPN,Lecture,2024-12-28
U1108,Sauvegarde,Lecture,2025-07-09
U1109,Sauvegarde,Écriture,2024-10-08
U1109,Compta-Paiement,Lecture,2024-03-30
U1109,CRM,Lecture,2025-08-23
U1109,VPN,Lecture,2025-04-17
U1109,Messagerie,Écriture,2025-05-21
U1110,ERP-Finance,Lecture,2024-11-26
U1110,Messagerie,Écriture,2024-03-24
U1110,VPN,Lecture,2024-03-14
U1110,Compta-Validation,Écriture,2023-12-11
U1110,CRM,Lecture,2025-06-03
U1111,Sauvegarde,Écriture,2024-09-11
U1111,Compta-Validation,Lecture,2025-10-06
U1112,Compta-Validation,Lecture,2024-08-09
U1113,Compta-Paiement,Lecture,2024-09-25
U1113,Compta-Validation,Lecture,2025-11-29
U1113,CRM,Écriture,2025-02-18
U1114,CRM,Lecture,2025-09-17
U1115,CRM,Lecture,2024-07-04
U1116,CRM,Admin,2023-08-24
U1116,VPN,Lecture,2024-12-06
U1116,Compta-Paiement,Lecture,2023-11-08
U1117,ERP-Finance,Écriture,2025-03-03
U1117,CRM,Lecture,2024-11-11
U1118,Compta-Paiement,Lecture,2025-05-20
U1119,CRM,Lecture,2025-03-28
U1119,Compta-Validation,Lecture,2024-11-18
U1119,VPN,Lecture,2025-02-02
U1120,VPN,Écriture,2025-03-09
U1120,Sauvegarde,Lecture,2024-02-14
U1120,Compta-Validation,Lecture,2024-08-25
U1120,ERP-Finance,Lecture,2024-11-17
U1120,Paie-RH,Lecture,2025-04-14
U1121,ERP-Finance,Lecture,2024-05-21
U1121,Sauvegarde,Écriture,2024-11-10
U1122,ERP-Finance,Écriture,2025-06-07
U1122,Sauvegarde,Écriture,2023-12-28
U1123,Messagerie,Lecture,2023-11-25
U1123,Sauvegarde,Écriture,2024-06-13
U1123,Compta-Validation,Lecture,2025-06-24
U1123,CRM,Écriture,2023-11-27
U1124,CRM,Lecture,2025-11-01
U1124,VPN,Lecture,2025-01-27
U1124,Paie-RH,Lecture,2024-09-02
U1125,Compta-Validation,Écriture,2023-11-10
U1125,Paie-RH,Lecture,2025-10-10
U1125,CRM,Admin,2024-10-06
U1125,Sauvegarde,Lecture,2024-02-17
U1126,ERP-Finance,Écriture,2025-03-15
U1126,Paie-RH,Lecture,2024-06-07
U1127,Compta-Validation,Lecture,2024-10-24
U1127,ERP-Finance,Lecture,2025-02-23
U1128,VPN,Lecture,2023-10-25
U1128,CRM,Lecture,2023-08-16
U1128,Compta-Paiement,Écriture,2024-12-13
U1128,Compta-Validation,Écriture,2023-08-15
U1129,Compta-Paiement,Lecture,2023-10-07
U1129,Messagerie,Lecture,2025-05-14
U1129,ERP-Finance,Lecture,2025-08-08
U1129,Sauvegarde,Lecture,2025-06-04
U1129,Paie-RH,Lecture,2023-07-30
U1130,Compta-Paiement,Écriture,2023-10-25
U1130,CRM,Lecture,2025-06-14
U1130,Compta-Validation,Lecture,2024-08-02
U1130,VPN,Lecture,2024-12-05
U1131,CRM,Lecture,2024-12-14
U1131,Compta-Paiement,Admin,2023-08-21
U1131,Messagerie,Lecture,2024-12-16
U1131,AD-Admin,Admin,2024-08-16
U1132,Compta-Paiement,Lecture,2024-11-27
U1132,Compta-Validation,Écriture,2023-12-16
U1132,Messagerie,Lecture,2025-07-25
U1132,CRM,Lecture,2024-06-23
U1133,Compta-Paiement,Écriture,2024-03-19
U1133,ERP-Finance,Écriture,2025-02-17
U1133,Compta-Validation,Lecture,2024-09-18
U1133,VPN,Écriture,2025-01-29
U1134,Compta-Validation,Lecture,2025-02-16
U1135,CRM,Lecture,2023-08-10
U1135,Compta-Paiement,Lecture,2024-11-13
U1135,VPN,Lecture,2024-11-10
U1135,ERP-Finance,Lecture,2025-03-17
U1136,Compta-Paiement,Écriture,2024-04-07
U1136,Sauvegarde,Écriture,2025-02-16
U1137,Sauvegarde,Écriture,2025-01-27
U1137,Compta-Paiement,Lecture,2023-11-19
U1137,Messagerie,Lecture,2025-10-29
U1137,ERP-Finance,Écriture,2025-03-22
U1137,VPN,Écriture,2023-09-24
U1138,Compta-Validation,Lecture,2023-10-19
U1139,Compta-Validation,Lecture,2023-10-21
U1139,ERP-Finance,Écriture,2025-05-11
U1139,Paie-RH,Écriture,2024-06-27
U1139,CRM,Écriture,2023-12-02
U1139,Compta-Paiement,Lecture,2023-09-17
U1140,CRM,Écriture,2024-01-19
U1140,Sauvegarde,Écriture,2025-04-14
U1140,VPN,Lecture,2024-11-10
U1141,VPN,Écriture,2024-03-16
U1141,CRM,Lecture,2024-05-06
U1141,ERP-Finance,Lecture,2025-11-09
U1141,Compta-Paiement,Écriture,2024-05-09
U1141,Compta-Validation,Lecture,2023-09-08
U1142,Messagerie,Écriture,2023-12-03
U1142,ERP-Finance,Lecture,2024-10-12
U1142,CRM,Écriture,2024-08-28
U1143,Paie-RH,Lecture,2024-05-29
U1143,Compta-Validation,Écriture,2025-11-19
U1143,ERP-Finance,Lecture,2024-01-09
U1143,Sauvegarde,Lecture,2025-10-24
U1143,Compta-Paiement,Lecture,2025-10-04
U1144,CRM,Lecture,2023-09-25
U1144,ERP-Finance,Admin,2023-09-21
U1144,Compta-Validation,Écriture,2023-08-27
U1144,Messagerie,Écriture,2025-04-18
U1145,ERP-Finance,Écriture,2024-03-16
U1145,CRM,Lecture,2024-06-26
U1145,Sauvegarde,Lecture,2025-04-08
U1145,Compta-Validation,Admin,2024-06-02
U1146,Compta-Paiement,Admin,2024-04-28
U1146,VPN,Admin,2025-04-10
U1146,Paie-RH,Écriture,2024-05-20
U1146,AD-Admin,Admin,2024-04-03
U1147,Messagerie,Lecture,2025-12-01
U1147,ERP-Finance,Écriture,2023-10-10
U1148,Sauvegarde,Écriture,2025-04-27
U1148,Compta-Paiement,Écriture,2024-11-20
U1148,Messagerie,Lecture,2023-07-23
U1149,Paie-RH,Lecture,2024-12-03
U1149,VPN,Lecture,2024-10-12
U1149,CRM,Écriture,2025-03-20
U1149,Compta-Paiement,Lecture,2025-02-26
U1150,Compta-Paiement,Écriture,2025-07-14
U1150,ERP-Finance,Écriture,2023-07-17
U1151,CRM,Lecture,2025-04-21
U1151,Paie-RH,Lecture,2025-11-20
U1151,ERP-Finance,Écriture,2024-06-03
U1152,Messagerie,Écriture,2025-03-27
U1152,Paie-RH,Lecture,2025-06-20
U1152,CRM,Lecture,2025-01-07
U1152,Compta-Paiement,Écriture,2025-09-16
U1152,Sauvegarde,Lecture,2025-09-07
U1153,Sauvegarde,Lecture,2023-07-21
U1154,ERP-Finance,Écriture,2024-01-24
U1154,VPN,Écriture,2025-02-03
U1154,Compta-Paiement,Lecture,2024-09-09
U1154,CRM,Écriture,2024-09-26
U1154,Paie-RH,Lecture,2025-02-24
U1155,Sauvegarde,Lecture,2023-11-08
U1155,Messagerie,Écriture,2025-06-15
U1155,Compta-Paiement,Lecture,2024-01-01
U1156,Sauvegarde,Admin,2024-03-31
U1156,Compta-Validation,Lecture,2024-08-13
U1156,Messagerie,Lecture,2024-10-12
U1156,CRM,Lecture,2025-06-15
U1157,Messagerie,Lecture,2024-06-02
U1158,ERP-Finance,Admin,2025-06-25
U1158,Paie-RH,Admin,2024-04-01
U1158,Sauvegarde,Lecture,2024-01-11
U1159,Compta-Validation,Écriture,2024-01-20
U1159,Messagerie,Lecture,2025-01-09
U1159,ERP-Finance,Lecture,2025-10-20
U1159,CRM,Lecture,2024-07-09
U1160,Sauvegarde,Lecture,2024-02-10
U1160,Paie-RH,Lecture,2024-05-06
U1160,Compta-Validation,Lecture,2024-01-03
U1161,Sauvegarde,Lecture,2025-06-13
U1161,Paie-RH,Lecture,2024-12-24
U1161,VPN,Écriture,2024-07-17
U1161,Messagerie,Lecture,2024-08-26
U1161,Compta-Validation,Lecture,2024-05-05
U1162,Compta-Validation,Lecture,2025-03-15
U1162,Sauvegarde,Lecture,2024-02-22
U1163,Sauvegarde,Lecture,2025-09-16
U1163,Paie-RH,Lecture,2024-01-08
U1164,Paie-RH,Écriture,2023-11-06
U1164,CRM,Lecture,2025-10-19
U1164,ERP-Finance,Lecture,2025-08-09
U1164,VPN,Écriture,2024-11-10
U1164,Messagerie,Lecture,2023-12-29
U1165,Compta-Paiement,Écriture,2023-12-31
U1165,Paie-RH,Lecture,2024-09-17
U1165,Messagerie,Lecture,2024-04-26
U1165,VPN,Écriture,2024-09-04
U1166,ERP-Finance,Écriture,2025-09-26
U1166,Paie-RH,Admin,2024-05-25
U1166,CRM,Lecture,2024-07-08
U1166,Sauvegarde,Écriture,2024-12-16
U1166,VPN,Lecture,2025-09-16
U1167,Messagerie,Lecture,2023-12-20
U1168,ERP-Finance,Lecture,2024-09-18
U1168,Paie-RH,Lecture,2023-08-12
U1168,Compta-Validation,Écriture,2023-10-07
U1168,CRM,Lecture,2025-11-03
U1169,ERP-Finance,Écriture,2024-07-19
U1170,Compta-Paiement,Lecture,2024-06-29
U1170,Compta-Validation,Admin,2023-08-12
U1170,ERP-Finance,Lecture,2025-02-13
U1170,CRM,Lecture,2025-07-08
U1171,ERP-Finance,Lecture,2024-01-09
U1171,CRM,Lecture,2024-12-31
U1171,Paie-RH,Lecture,2024-11-08
U1171,Sauvegarde,Lecture,2023-10-17
U1172,Paie-RH,Lecture,2025-11-01
U1172,VPN,Lecture,2025-06-04
U1172,Compta-Paiement,Lecture,2025-08-18
U1172,Compta-Validation,Lecture,2024-02-16
U1172,Messagerie,Lecture,2024-04-10
U1173,Messagerie,Lecture,2025-04-16
U1173,CRM,Écriture,2025-10-15
U1174,Compta-Validation,Écriture,2024-12-30
U1174,Compta-Paiement,Écriture,2023-10-17
U1174,ERP-Finance,Lecture,2024-01-03
U1174,Messagerie,Lecture,2024-02-04
U1174,CRM,Lecture,2024-10-31
U1175,ERP-Finance,Lecture,2023-09-02
U1175,Messagerie,Écriture,2023-11-07
U1175,VPN,Lecture,2024-04-13
U1175,Compta-Validation,Lecture,2025-04-08
U1176,Paie-RH,Lecture,2025-06-12
U1176,Compta-Paiement,Lecture,2024-09-20
U1177,Messagerie,Lecture,2024-01-24
U1177,CRM,Lecture,2024-05-11
U1177,Paie-RH,Lecture,2024-10-24
U1178,Sauvegarde,Écriture,2025-10-11
U1179,Compta-Paiement,Écriture,2024-12-16
U1179,Sauvegarde,Lecture,2025-03-13
U1179,CRM,Écriture,2025-07-15
U1179,Messagerie,Lecture,2023-07-21
U1179,Compta-Validation,Écriture,2025-06-04
U1180,VPN,Admin,2023-08-14
U1181,Compta-Validation,Lecture,2024-04-07
U1181,Compta-Paiement,Lecture,2023-10-22
U1182,ERP-Finance,Lecture,2024-01-11
U1183,Messagerie,Lecture,2024-03-23
U1183,AD-Admin,Admin,2024-09-14
U1184,Paie-RH,Écriture,2024-08-20
U1184,Sauvegarde,Lecture,2024-01-05
U1184,ERP-Finance,Lecture,2024-11-02
U1184,Messagerie,Écriture,2025-06-15
U1184,Compta-Validation,Admin,2025-04-28
U1185,Messagerie,Écriture,2023-12-22
U1185,VPN,Lecture,2024-08-17
U1186,Paie-RH,Lecture,2025-11-15
U1186,Compta-Paiement,Écriture,2025-09-16
U1187,Sauvegarde,Écriture,2023-10-24
U1187,CRM,Écriture,2024-10-12
U1188,ERP-Finance,Écriture,2025-03-31
U1189,Compta-Paiement,Lecture,2024-12-08
U1189,Messagerie,Écriture,2023-11-09
U1189,Sauvegarde,Lecture,2024-08-25
U1189,Paie-RH,Écriture,2025-07-08
U1189,AD-Admin,Admin,2024-04-06
U1190,Sauvegarde,Lecture,2023-12-19
U1190,ERP-Finance,Écriture,2024-05-16
U1191,Messagerie,Lecture,2025-06-07
U1191,Sauvegarde,Lecture,2024-10-11
U1192,ERP-Finance,Écriture,2023-12-15
U1192,Messagerie,Lecture,2025-05-02
U1192,Compta-Paiement,Lecture,2025-06-10
U1193,Compta-Paiement,Lecture,2023-12-23
U1194,Paie-RH,Écriture,2024-11-06
U1194,Compta-Validation,Écriture,2024-09-10
U1194,Sauvegarde,Lecture,2024-07-14
U1194,VPN,Lecture,2025-04-28
U1195,Compta-Paiement,Lecture,2025-09-16
U1195,Paie-RH,Écriture,2025-06-12
U1196,ERP-Finance,Écriture,2024-01-26
U1196,Paie-RH,Lecture,2023-08-06
U1196,Compta-Paiement,Écriture,2025-11-18
U1196,Compta-Validation,Lecture,2024-07-19
U1197,Sauvegarde,Lecture,2025-02-06
U1197,Compta-Validation,Écriture,2023-11-25
U1198,Compta-Paiement,Écriture,2024-01-19
U1198,Paie-RH,Lecture,2023-11-25
U1199,Compta-Validation,Lecture,2024-05-26
U1199,Compta-Paiement,Lecture,2025-06-12
U1199,Messagerie,Lecture,2025-04-21
U1200,ERP-Finance,Lecture,2025-11-09
U1200,Sauvegarde,Écriture,2024-06-20
U1200,Messagerie,Lecture,2025-06-27
U1200,Paie-RH,Lecture,2023-12-15
U1201,CRM,Lecture,2025-09-24
U1201,Compta-Validation,Écriture,2025-01-18
U1201,Messagerie,Lecture,2024-09-03
U1202,Messagerie,Lecture,2025-08-07
U1202,Compta-Validation,Lecture,2023-10-05
U1202,CRM,Admin,2025-03-18
U1202,AD-Admin,Admin,2025-01-16
U1203,VPN,Lecture,2024-04-05
U1204,Compta-Validation,Lecture,2023-09-04
U1204,Sauvegarde,Lecture,2023-08-23
U1204,Messagerie,Écriture,2025-08-12
U1205,Compta-Paiement,Lecture,2025-07-19
U1205,Messagerie,Lecture,2024-03-28
U1205,Compta-Validation,Écriture,2024-03-18
U1205,VPN,Admin,2024-11-07
U1206,Compta-Paiement,Lecture,2024-06-24
U1206,Compta-Validation,Lecture,2023-08-04
U1206,ERP-Finance,Écriture,2025-05-23
U1206,Paie-RH,Lecture,2025-09-25
U1207,Compta-Validation,Admin,2024-12-18
U1207,Sauvegarde,Admin,2025-09-02
U1207,CRM,Écriture,2024-03-25
U1207,Paie-RH,Lecture,2024-06-06
U1207,ERP-Finance,Admin,2025-01-18
U1208,Sauvegarde,Écriture,2024-04-19
U1208,ERP-Finance,Écriture,2023-11-04
U1208,AD-Admin,Admin,2024-12-13
U1209,Sauvegarde,Écriture,2023-08-18
U1209,VPN,Écriture,2024-04-23
U1209,Compta-Paiement,Admin,2023-09-06
U1209,CRM,Lecture,2025-05-21
U1210,Compta-Validation,Lecture,2025-03-23
U1211,Sauvegarde,Lecture,2025-05-27
U1211,CRM,Lecture,2025-07-22
U1211,Paie-RH,Lecture,2024-02-25
U1211,Messagerie,Lecture,2024-05-15
U1212,Messagerie,Écriture,2023-10-07
U1212,VPN,Lecture,2025-05-17
U1212,ERP-Finance,Lecture,2024-10-21
U1213,Compta-Validation,Écriture,2023-08-29
U1214,CRM,Lecture,2025-08-27
U1214,Compta-Validation,Lecture,2024-05-15
U1215,ERP-Finance,Lecture,2023-12-28
U1215,Sauvegarde,Lecture,2025-09-18
U1216,CRM,Lecture,2024-04-15
U1216,Sauvegarde,Admin,2024-11-28
U1217,Sauvegarde,Écriture,2025-06-29
U1218,Sauvegarde,Admin,2023-12-23
U1218,Messagerie,Écriture,2024-12-31
U1218,Paie-RH,Lecture,2025-07-30
U1218,Compta-Paiement,Lecture,2025-09-12
U1218,ERP-Finance,Lecture,2024-03-06
U1219,Sauvegarde,Admin,2023-09-15
U1220,VPN,Lecture,2025-05-30
U1220,Sauvegarde,Admin,2024-07-10
U1220,Compta-Paiement,Lecture,2024-06-04
U1220,Messagerie,Écriture,2023-09-20
U1221,Compta-Validation,Lecture,2025-04-17
U1222,Compta-Paiement,Lecture,2024-02-08
U1222,Compta-Validation,Lecture,2024-08-11
U1223,CRM,Écriture,2024-09-20
U1223,Sauvegarde,Écriture,2024-11-26
U1224,ERP-Finance,Écriture,2025-04-04
U1224,Messagerie,Lecture,2025-07-24
U1224,VPN,Écriture,2023-12-21
U1224,CRM,Écriture,2024-05-06
U1224,Paie-RH,Lecture,2023-08-16
U1225,Paie-RH,Écriture,2025-05-12
U1225,Sauvegarde,Lecture,2023-10-14
U1226,Compta-Paiement,Admin,2025-06-19
U1226,Sauvegarde,Écriture,2024-04-20
U1226,Messagerie,Écriture,2024-06-23
U1226,ERP-Finance,Écriture,2024-01-11
U1226,Paie-RH,Écriture,2024-02-03
U1227,Compta-Validation,Écriture,2024-06-19
U1227,Messagerie,Lecture,2024-10-27
U1228,Paie-RH,Lecture,2023-12-16
U1228,ERP-Finance,Lecture,2025-10-01
U1228,Compta-Validation,Écriture,2024-08-13
U1229,Compta-Paiement,Lecture,2025-04-21
U1229,Messagerie,Lecture,2024-03-20
U1229,CRM,Écriture,2023-07-26
U1229,VPN,Admin,2023-10-29
U1229,Paie-RH,Lecture,2024-08-21
U1230,ERP-Finance,Écriture,2025-09-27
U1230,Paie-RH,Lecture,2023-08-11
U1230,Compta-Validation,Lecture,2023-12-19
U1230,VPN,Lecture,2024-08-16
U1231,Messagerie,Admin,2024-01-24
U1232,VPN,Lecture,2025-07-18
U1233,Paie-RH,Écriture,2025-05-12
U1233,Messagerie,Écriture,2025-01-25
U1233,Compta-Validation,Lecture,2025-07-05
U1233,CRM,Écriture,2023-11-19
U1234,Compta-Validation,Lecture,2024-02-12
U1234,Sauvegarde,Admin,2025-06-26
U1234,CRM,Lecture,2025-09-18
U1235,Compta-Paiement,Écriture,2023-08-24
U1235,Paie-RH,Lecture,2024-01-20
U1235,ERP-Finance,Lecture,2024-06-27
U1236,Compta-Paiement,Écriture,2024-04-06
U1236,VPN,Écriture,2025-03-06
U1236,ERP-Finance,Écriture,2024-01-16
U1236,CRM,Écriture,2025-04-02
U1237,VPN,Admin,2023-12-14
U1237,Paie-RH,Écriture,2024-04-30
U1237,Messagerie,Lecture,2023-10-31
U1237,ERP-Finance,Écriture,2024-08-31
U1237,CRM,Écriture,2024-10-20
U1238,ERP-Finance,Lecture,2025-02-16
U1238,CRM,Lecture,2024-04-23
U1238,Paie-RH,Lecture,2025-11-10
U1238,Compta-Paiement,Lecture,2024-09-15
U1238,Sauvegarde,Écriture,2024-10-04
U1239,VPN,Lecture,2025-08-26
U1239,Compta-Paiement,Lecture,2024-04-20
U1239,Paie-RH,Écriture,2025-02-20
U1240,Sauvegarde,Écriture,2023-08-20
U1240,VPN,Lecture,2023-10-10
U1240,ERP-Finance,Lecture,2024-04-26
U1240,Compta-Paiement,Lecture,2024-05-28
U1240,Compta-Validation,Écriture,2025-07-27
U1241,Paie-RH,Écriture,2024-10-14
U1241,Compta-Validation,Écriture,2024-05-30
U1241,CRM,Écriture,2024-06-08
U1241,VPN,Lecture,2023-10-30
U1241,Sauvegarde,Écriture,2025-11-30
U1242,ERP-Finance,Lecture,2025-08-07
U1242,Sauvegarde,Lecture,2024-11-07
U1242,Messagerie,Lecture,2024-05-25
U1243,CRM,Lecture,2024-01-19
U1243,Compta-Validation,Lecture,2024-05-05
U1243,ERP-Finance,Écriture,2024-08-13
U1243,Compta-Paiement,Écriture,2023-11-16
U1243,Paie-RH,Écriture,2025-02-20
U1244,Messagerie,Lecture,2024-04-21
U1244,Sauvegarde,Lecture,2023-10-31
U1244,Paie-RH,Écriture,2025-10-18
U1245,Compta-Paiement,Lecture,2025-03-23
U1246,VPN,Lecture,2024-09-22
U1246,CRM,Lecture,2025-03-05
U1247,Compta-Paiement,Lecture,2024-12-06
U1247,Messagerie,Lecture,2024-04-19
U1247,VPN,Lecture,2024-06-12
U1247,CRM,Lecture,2024-04-17
U1247,Paie-RH,Lecture,2024-05-05
U1248,ERP-Finance,Écriture,2025-03-03
U1248,Compta-Validation,Admin,2025-02-16
U1248,Sauvegarde,Écriture,2024-11-24
U1249,Paie-RH,Écriture,2024-11-08
U1249,ERP-Finance,Lecture,2025-06-04
U1242,AD-Admin,Admin,2024-06-01
U1215,AD-Admin,Admin,2024-06-01
U1069,AD-Admin,Admin,2024-06-01
U1113,AD-Admin,Admin,2024-06-01
U1048,AD-Admin,Admin,2024-06-01
U9900,CRM,Admin,2024-03-15
U9901,Paie-RH,Lecture,2024-03-15
U9902,AD-Admin,Admin,2024-03-15
U9903,ERP-Finance,Écriture,2024-03-15
U9904,Messagerie,Écriture,2024-03-15
U9905,Compta-Paiement,Admin,2024-03-15
U9906,CRM,Écriture,2024-03-15
U9907,Compta-Validation,Lecture,2024-03-15
U1190,Compta-Validation,Écriture,2024-09-01
U1190,Compta-Paiement,Écriture,2024-09-01
U1232,Compta-Validation,Écriture,2024-09-01
U1232,Compta-Paiement,Écriture,2024-09-01
U1168,Compta-Paiement,Écriture,2024-09-01
U1014,Compta-Validation,Écriture,2024-09-01
U1014,Compta-Paiement,Écriture,2024-09-01
U1018,Compta-Validation,Écriture,2024-09-01
U1018,Compta-Paiement,Écriture,2024-09-01
U1212,Compta-Validation,Écriture,2024-09-01
U1212,Compta-Paiement,Écriture,2024-09-01
