id_utilisateur,nom,departement,statut,derniere_connexion
U1000,Adam Leroy,Finance,Actif,2025-12-01
U1001,Adam Faure,Commercial,Actif,2025-11-05
U1002,Karim Nguyen,RH,Actif,2025-11-05
U1003,Manon Faure,RH,Actif,2025-11-07
U1004,Rayan Garcia,RH,Inactif,2025-07-13
U1005,Inès Petit,Commercial,Parti,2025-07-02
U1006,Nathan Faure,IT,Actif,2025-10-31
U1007,Chloé Garcia,Commercial,Actif,2025-12-31
U1008,Yanis Bernard,RH,Actif,2025-12-27
U1009,Léa Leroy,Commercial,Actif,2025-10-30
U1010,Yanis Diallo,Production,Actif,2025-10-17
U1011,Sarah Martin,RH,Actif,2025-12-18
U1012,Rayan Durand,Commercial,Parti,2025-08-26
U1013,Nora Thomas,Production,Inactif,2025-06-01
U1014,Chloé Simon,Production,Actif,2025-12-30
U1015,Hugo Simon,IT,Actif,2025-10-15
U1016,Camille Durand,Finance,Inactif,2025-08-11
U1017,Rayan Nguyen,Commercial,Actif,2025-12-31
U1018,Camille Simon,IT,Actif,2025-11-02
U1019,Nora Garcia,Commercial,Actif,2025-12-18
U1020,Sarah Durand,RH,Actif,2025-11-09
U1021,Nathan Nguyen,Production,Actif,2025-11-28
U1022,Jade Simon,Finance,Actif,2025-10-27
U1023,Hugo Petit,Production,Actif,2025-12-30
U1024,Chloé Laurent,Production,Actif,2025-11-30
U1025,Inès Martin,Direction,Inactif,2025-05-27
U1026,Léa Thomas,Production,Actif,2025-11-11
U1027,Sarah Garcia,Finance,Actif,2025-10-23
U1028,Jade Petit,IT,Actif,2025-11-03
U1029,Nora Bernard,Production,Actif,2025-10-13
U1030,Lucas Bernard,Commercial,Actif,2025-12-29
U1031,Karim Laurent,IT,Actif,2025-12-17
U1032,Inès Petit,Finance,Actif,2025-12-07
U1033,Manon Simon,Finance,Actif,2025-10-31
U1034,Chloé Simon,RH,Actif,2025-10-28
U1035,Inès Nguyen,Direction,Actif,2025-10-16
U1036,Hugo Laurent,Commercial,Actif,2025-11-25
U1037,Jade Laurent,Direction,Actif,2025-11-02
U1038,Rayan Martin,IT,Actif,2025-12-01
U1039,Camille Moreau,Finance,Actif,2025-10-19
U1040,Nathan Dubois,Production,Inactif,2025-04-20
U1041,Jade Dubois,Commercial,Actif,2025-11-08
U1042,Hugo Moreau,Finance,Actif,2025-10-20
U1043,Inès Faure,Finance,Actif,2025-12-09
U1044,Yanis Garcia,Production,Actif,2025-11-22
U1045,Léa Faure,IT,Actif,2025-10-15
U1046,Léa Bernard,Finance,Actif,2025-11-29
U1047,Chloé Durand,Finance,Actif,2025-12-08
U1048,Camille Simon,Commercial,Actif,2025-12-25
U1049,Rayan Leroy,Commercial,Inactif,2025-03-31
U1050,Jade Bernard,Production,Actif,2025-10-21
U1051,Lucas Bernard,Commercial,Actif,2025-12-04
U1052,Inès Petit,Production,Actif,2025-11-10
U1053,Karim Dubois,Commercial,Parti,2025-05-17
U1054,Chloé Durand,Commercial,Inactif,2025-05-21
U1055,Jade Moreau,Production,Parti,2025-06-29
U1056,Jade Bernard,Production,Actif,2025-11-06
U1057,Sarah Thomas,RH,Actif,2025-11-17
U1058,Lucas Dubois,Production,Actif,2025-12-03
U1059,Karim Thomas,RH,Actif,2025-12-04
U1060,Jade Laurent,Commercial,Actif,2025-10-20
U1061,Nora Moreau,IT,Parti,2025-06-21
U1062,Nora Martin,IT,Inactif,2025-08-27
U1063,Adam Petit,Direction,Actif,2025-11-02
U1064,Louis Simon,Finance,Actif,2025-11-14
U1065,Inès Diallo,Finance,Inactif,2025-08-05
U1066,Lucas Moreau,Production,Actif,2025-11-11
U1067,Camille Petit,Finance,Actif,2025-11-02
U1068,Lucas Martin,RH,Actif,2025-11-24
U1069,Lucas Thomas,Commercial,Actif,2025-11-04
U1070,Hugo Laurent,Production,Actif,2025-12-12
U1071,Louis Leroy,IT,Parti,2025-06-21
U1072,Manon Dubois,Commercial,Actif,2025-12-03
U1073,Rayan Faure,Production,Actif,2025-10-16
U1074,Manon Garcia,Commercial,Actif,2025-11-03
U1075,Nathan Durand,Production,Actif,2025-10-27
U1076,Camille Durand,Production,Actif,2025-12-11
U1077,Léa Durand,Commercial,Actif,2025-12-06
U1078,Chloé Diallo,Direction,Actif,2025-12-24
U1079,Nathan Nguyen,Commercial,Actif,2025-12-26
U1080,Léa Faure,Commercial,Actif,2025-12-19
U1081,Lucas Nguyen,RH,Actif,2025-12-23
U1082,Jade Moreau,Commercial,Actif,2025-11-15
U1083,Yanis Garcia,Production,Inactif,2025-03-11
U1084,Manon Diallo,Production,Actif,2025-11-27
U1085,Inès Nguyen,Production,Parti,2025-03-10
U1086,Camille Thomas,RH,Parti,2025-01-26
U1087,Chloé Moreau,RH,Actif,2025-12-31
U1088,Lucas Laurent,Finance,Inactif,2025-03-08
U1089,Lucas Durand,IT,Parti,2025-01-29
U1090,Rayan Thomas,Production,Actif,2025-10-22
U1091,Nathan Durand,Commercial,Actif,2025-10-23
U1092,Nora Simon,Production,Actif,2025-12-27
U1093,Nathan Moreau,RH,Actif,2025-11-05
U1094,Jade Diallo,Production,Actif,2025-11-09
U1095,Louis Diallo,RH,Actif,2025-12-12
U1096,Camille Simon,Production,Inactif,2025-07-22
U1097,Inès Dubois,Finance,Actif,2025-12-14
U1098,Léa Simon,Production,Actif,2025-11-30
U1099,Karim Laurent,RH,Actif,2025-10-20
U1100,Jade Petit,Finance,Actif,2025-12-27
U1101,Chloé Garcia,IT,Actif,2025-10-20
U1102,Lucas Diallo,Finance,Actif,2025-11-26
U1103,Hugo Bernard,IT,Actif,2025-10-26
U1104,Lucas Moreau,RH,Parti,2025-01-12
U1105,Camille Petit,Commercial,Inactif,2025-04-20
U1106,Lucas Faure,Production,Inactif,2025-06-20
U1107,Karim Moreau,Production,Actif,2025-12-01
U1108,Nora Diallo,Production,Actif,2025-12-26
U1109,Yanis Faure,Commercial,Actif,2025-11-17
U1110,Manon Martin,Direction,Actif,2025-10-22
U1111,Lucas Moreau,Finance,Actif,2025-12-06
U1112,Chloé Bernard,Commercial,Actif,2025-12-30
U1113,Inès Simon,Finance,Actif,2025-10-17
U1114,Adam Thomas,Direction,Actif,2025-12-31
U1115,Camille Nguyen,Commercial,Actif,2025-11-10
U1116,Inès Nguyen,IT,Actif,2025-11-28
U1117,Chloé Diallo,Commercial,Actif,2025-11-14
U1118,Léa Thomas,Commercial,Parti,2025-08-05
U1119,Yanis Petit,RH,Actif,2025-12-24
U1120,Louis Garcia,Commercial,Actif,2025-10-28
U1121,Hugo Laurent,Production,Actif,2025-11-15
U1122,Karim Nguyen,Commercial,Actif,2025-11-17
U1123,Rayan Garcia,Commercial,Actif,2025-11-27
U1124,Léa Faure,Commercial,Actif,2025-12-26
U1125,Léa Martin,Production,Actif,2025-12-11
U1126,Adam Dubois,Production,Actif,2025-11-09
U1127,Louis Leroy,Commercial,Actif,2025-10-19
U1128,Hugo Petit,Finance,Actif,2025-12-13
U1129,Adam Garcia,RH,Inactif,2025-03-15
U1130,Manon Diallo,Finance,Actif,2025-12-09
U1131,Hugo Martin,IT,Inactif,2025-03-26
U1132,Karim Laurent,Commercial,Actif,2025-11-12
U1133,Karim Martin,Commercial,Actif,2025-10-16
U1134,Manon Petit,Production,Actif,2025-10-23
U1135,Camille Leroy,Commercial,Actif,2025-12-07
U1136,Manon Moreau,Production,Actif,2025-11-03
U1137,Manon Laurent,RH,Actif,2025-11-04
U1138,Rayan Moreau,Production,Actif,2025-11-15
U1139,Karim Faure,Production,Actif,2025-11-10
U1140,Léa Bernard,Commercial,Actif,2025-11-13
U1141,Chloé Durand,Finance,Actif,2025-10-18
U1142,Léa Garcia,Production,Actif,2025-12-02
U1143,Sarah Faure,Production,Actif,2025-12-19
U1144,Léa Bernard,IT,Actif,2025-10-19
U1145,Nora Martin,Commercial,Actif,2025-12-20
U1146,Sarah Thomas,IT,Actif,2025-11-29
U1147,Léa Thomas,Production,Actif,2025-12-19
U1148,Hugo Leroy,Direction,Actif,2025-12-19
U1149,Léa Leroy,Commercial,Actif,2025-10-16
U1150,Hugo Dubois,Commercial,Actif,2025-12-16
U1151,Rayan Petit,Production,Parti,2024-12-08
U1152,Jade Dubois,Finance,Actif,2025-12-23
U1153,Sarah Nguyen,Finance,Inactif,2025-08-14
U1154,Nathan Dubois,RH,Inactif,2025-07-10
U1155,Lucas Moreau,Direction,Actif,2025-12-25
U1156,Rayan Durand,Finance,Actif,2025-11-21
U1157,Rayan Nguyen,Finance,Parti,2025-06-10
U1158,Manon Martin,IT,Actif,2025-11-25
U1159,Camille Thomas,Commercial,Actif,2025-11-02
U1160,Camille Faure,Commercial,Inactif,2025-08-26
U1161,Louis Leroy,Finance,Actif,2025-11-05
U1162,Jade Garcia,Commercial,Actif,2025-12-07
U1163,Louis Bernard,Commercial,Actif,2025-12-06
U1164,Yanis Nguyen,Finance,Actif,2025-11-10
U1165,Louis Garcia,RH,Actif,2025-11-14
U1166,Louis Leroy,IT,Actif,2025-12-15
U1167,Inès Thomas,RH,Inactif,2025-04-06
U1168,Sarah Thomas,Production,Actif,2025-12-25
U1169,Jade Martin,Production,Actif,2025-12-03
U1170,Léa Laurent,Production,Actif,2025-12-02
U1171,Nathan Moreau,Production,Actif,2025-11-20
U1172,Adam Leroy,RH,Parti,2025-04-01
U1173,Lucas Bernard,IT,Actif,2025-10-27
U1174,Louis Bernard,Finance,Actif,2025-12-30
U1175,Karim Faure,Direction,Actif,2025-10-16
U1176,Adam Thomas,Finance,Actif,2025-12-01
U1177,Rayan Garcia,Commercial,Actif,2025-11-07
U1178,Lucas Diallo,Production,Actif,2025-10-18
U1179,Jade Leroy,Production,Actif,2025-12-16
U1180,Lucas Diallo,Production,Actif,2025-10-15
U1181,Rayan Moreau,Production,Actif,2025-11-21
U1182,Léa Durand,RH,Inactif,2025-08-03
U1183,Rayan Garcia,IT,Actif,2025-11-03
U1184,Léa Faure,Commercial,Actif,2025-11-22
U1185,Chloé Bernard,IT,Actif,2025-11-12
U1186,Sarah Thomas,Production,Actif,2025-11-27
U1187,Yanis Moreau,Commercial,Parti,2025-01-27
U1188,Manon Leroy,Commercial,Actif,2025-10-31
U1189,Nathan Garcia,IT,Actif,2025-10-23
U1190,Nora Leroy,Commercial,Actif,2025-10-29
U1191,Jade Laurent,RH,Actif,2025-12-01
U1192,Yanis Dubois,Commercial,Actif,2025-11-20
U1193,Louis Nguyen,Direction,Parti,2025-02-13
U1194,Yanis Faure,Production,Actif,2025-10-30
U1195,Nora Durand,Finance,Actif,2025-11-01
U1196,Lucas Bernard,Commercial,Parti,2025-03-31
U1197,Karim Bernard,Commercial,Actif,2025-10-28
U1198,Rayan Thomas,Direction,Actif,2025-11-27
U1199,Jade Dubois,Finance,Parti,2025-07-25
U1200,Nathan Moreau,Direction,Actif,2025-12-24
U1201,Camille Garcia,Production,Actif,2025-11-10
U1202,Hugo Petit,IT,Actif,2025-10-24
U1203,Nora Thomas,IT,Actif,2025-12-20
U1204,Jade Martin,Direction,Actif,2025-12-16
U1205,Inès Petit,Commercial,Actif,2025-12-08
U1206,Jade Garcia,Production,Actif,2025-12-14
U1207,Hugo Faure,IT,Actif,2025-10-19
U1208,Léa Petit,IT,Actif,2025-12-26
U1209,Hugo Moreau,Commercial,Actif,2025-12-04
U1210,Inès Laurent,Production,Actif,2025-11-15
U1211,Manon Petit,Direction,Actif,2025-10-14
U1212,Rayan Petit,Commercial,Actif,2025-12-20
U1213,Inès Dubois,Production,Actif,2025-12-28
U1214,Louis Dubois,Finance,Actif,2025-11-08
U1215,Hugo Laurent,Commercial,Actif,2025-10-27
U1216,Louis Dubois,Production,Inactif,2025-03-12
U1217,Léa Durand,Finance,Actif,2025-10-28
U1218,Lucas Petit,Finance,Actif,2025-12-06
U1219,Yanis Garcia,IT,Actif,2025-12-03
U1220,Hugo Moreau,Direction,Actif,2025-10-27
U1221,Hugo Durand,Production,Actif,2025-11-20
U1222,Jade Laurent,RH,Actif,2025-11-27
U1223,Léa Garcia,Production,Actif,2025-10-27
U1224,Yanis Dubois,Production,Actif,2025-12-04
U1225,Adam Petit,RH,Actif,2025-12-15
U1226,Nathan Garcia,IT,Actif,2025-12-23
U1227,Camille Petit,Commercial,Actif,2025-11-14
U1228,Camille Martin,Commercial,Actif,2025-12-31
U1229,Hugo Leroy,Direction,Actif,2025-12-28
U1230,Nathan Laurent,Production,Actif,2025-10-22
U1231,Yanis Leroy,IT,Actif,2025-10-16
U1232,Karim Nguyen,Commercial,Actif,2025-12-10
U1233,Léa Diallo,Commercial,Actif,2025-11-17
U1234,Jade Laurent,Finance,Parti,2025-02-13
U1235,Louis Diallo,Commercial,Actif,2025-10-19
U1236,Nathan Faure,Finance,Inactif,2025-08-23
U1237,Yanis Leroy,Direction,Actif,2025-11-01
U1238,Jade Petit,Direction,Actif,2025-11-11
U1239,Hugo Garcia,Production,Actif,2025-11-07
U1240,Manon Dubois,Production,Actif,2025-10-25
U1241,Adam Durand,Commercial,Actif,2025-12-06
U1242,Rayan Martin,Finance,Actif,2025-11-20
U1243,Inès Moreau,Commercial,Actif,2025-12-20
U1244,Rayan Diallo,Production,Actif,2025-12-26
U1245,Léa Martin,Production,Actif,2025-10-21
U1246,Nora Simon,Production,Actif,2025-11-17
U1247,Yanis Martin,Commercial,Actif,2025-11-30
U1248,Hugo Simon,Production,Actif,2025-10-22
U1249,Léa Diallo,Commercial,Actif,2025-11-12
